,JNJ,Date,NVO,WMT,JPM,XOM,UNH,V,TSM,LLY,HSBC,META,TSLA,NVDA,AMZN,GOOGL,GOOG,MSFT,AAPL
0,1.1874794,2018-01-02,0.40048203,0.851292,1.2766247,0.62148386,2.294138,1.2942584,0.40514597,1.4505516,0.48181567,1.8220855,0.58542055,0.38713112,1.1166219,0.6334934,0.5111922,1.0130672,0.5058887
1,1.1874051,2018-01-03,0.4004833,0.8506941,1.2758077,0.6246288,2.2941658,1.2941047,0.4051859,1.4490068,0.4819936,1.8220855,0.58373344,0.3870527,1.1155419,0.631531,0.5123159,1.0127283,0.5060113
2,1.187378,2018-01-04,0.40050817,0.85177547,1.2755215,0.62688076,2.2942662,1.2940413,0.40532923,1.4482708,0.48206806,1.8220855,0.58222353,0.38707122,1.1152452,0.62924564,0.5107684,1.0126872,0.5065703
3,1.1873703,2018-01-05,0.40030926,0.8532687,1.2762586,0.6300764,2.2946262,1.2939721,0.40515274,1.4420846,0.48127556,1.8220855,0.5819369,0.38709232,1.1142461,0.6280375,0.50684834,1.0126961,0.50665766
4,1.1877131,2018-01-08,0.40048358,0.8545916,1.2759595,0.6330198,2.2953694,1.2944714,0.40512472,1.4417832,0.4817331,1.8220855,0.5808659,0.38690743,1.1160623,0.6290642,0.51071364,1.0125629,0.50722414
5,1.1873424,2018-01-09,0.40036732,0.8550973,1.2754816,0.6357713,2.296549,1.2937031,0.40521443,1.4433981,0.4815982,1.8220855,0.5805994,0.38688025,1.1150211,0.62933296,0.50969744,1.0126486,0.50683606
6,1.1871866,2018-01-10,0.39985073,0.8551678,1.275594,0.6377508,2.2987478,1.2942613,0.40534613,1.4431938,0.48111558,1.8220855,0.5808765,0.38678703,1.1152762,0.6301296,0.51183164,1.0125871,0.5079399
7,1.1870997,2018-01-11,0.40026012,0.85465986,1.2765348,0.6410903,2.3023818,1.2937715,0.40535584,1.4388762,0.48147833,1.8220855,0.58140415,0.3867026,1.115678,0.6367802,0.51416856,1.0125338,0.50966847
8,1.1877431,2018-01-12,0.4002864,0.8545364,1.2756634,0.6444294,2.305649,1.2932613,0.40515408,1.4389735,0.4811406,1.8220855,0.5821916,0.38667968,1.1160043,0.63535196,0.5116796,1.0125566,0.51024485
9,1.1871685,2018-01-16,0.4003747,0.8545671,1.2759432,0.6463573,2.307019,1.2939175,0.40522602,1.4366158,0.48100907,1.8220855,0.58263004,0.38672704,1.1142148,0.6327232,0.51296645,1.0123467,0.50942665
10,1.1873956,2018-01-17,0.40048215,0.85451907,1.2759176,0.64777976,2.3061635,1.2928118,0.40510884,1.4401324,0.48060635,1.8220855,0.5825839,0.38671127,1.1140143,0.6290291,0.5033264,1.0122654,0.50518644
11,1.1873674,2018-01-18,0.40049815,0.85466075,1.276682,0.650707,2.3052146,1.293926,0.40520272,1.4435886,0.48052338,1.8220855,0.5829966,0.38664898,1.1159248,0.62767744,0.5065923,1.0126077,0.50602454
12,1.1875025,2018-01-19,0.40043235,0.85488254,1.2759087,0.6544473,2.3045995,1.2933874,0.40522432,1.4421387,0.48140857,1.8220855,0.5836518,0.3866927,1.1128232,0.62641853,0.4842533,1.0125004,0.50608385
13,1.1867678,2018-01-22,0.40044487,0.8548768,1.2767748,0.6583123,2.3036976,1.2938036,0.40529647,1.4272947,0.4812818,1.8220855,0.5844826,0.38676652,1.1172073,0.62738293,0.49238765,1.0126214,0.50702
14,1.1875143,2018-01-23,0.40043253,0.85485727,1.276377,0.6604312,2.3034208,1.2939767,0.40527007,1.4266949,0.48068222,1.8220855,0.5851727,0.38713598,1.1152557,0.6339222,0.49221405,1.0127014,0.5063811
15,1.1872739,2018-01-24,0.4000857,0.85486364,1.276512,0.6615398,2.303271,1.2937698,0.4052375,1.4211186,0.4812907,1.8220855,0.58666503,0.38689038,1.1121256,0.6346675,0.48361498,1.0126112,0.507679
16,1.1874475,2018-01-25,0.40019357,0.8544084,1.2760895,0.6627331,2.3046162,1.2935587,0.40532458,1.4177864,0.48118508,1.8220855,0.5876378,0.38682252,1.1223124,0.63467306,0.49029142,1.0140933,0.5098823
17,1.1869166,2018-01-26,0.40028057,0.8535436,1.2757472,0.66493356,2.306039,1.2937753,0.4052208,1.4038184,0.4803812,1.8220855,0.5887215,0.38673767,1.1147735,0.6312123,0.5014626,1.013673,0.5110918
18,1.187339,2018-01-29,0.40029243,0.853724,1.2754545,0.6652835,2.3053784,1.2933719,0.40535155,1.4007088,0.48085496,1.8220855,0.5893183,0.38666227,1.114083,0.6311845,0.5070276,1.0134487,0.51160914
19,1.1876403,2018-01-30,0.40026826,0.8542305,1.275925,0.6661881,2.3068388,1.2940586,0.4052378,1.41674,0.4802872,1.8220855,0.5887032,0.38669345,1.1145121,0.6328055,0.5108543,1.0131983,0.5103765
20,1.1875297,2018-01-31,0.40024313,0.854716,1.2760618,0.6679985,2.3029149,1.293544,0.4053216,1.4203438,0.48037094,1.8220855,0.58998674,0.3865761,1.1133832,0.6340439,0.51158893,1.0132513,0.5105855
21,1.1875675,2018-02-01,0.40032467,0.85496473,1.2756239,0.6693463,2.301752,1.2938163,0.40516457,1.4241719,0.4810399,1.8220855,0.5927038,0.3865017,1.1159525,0.6369854,0.51408833,1.0130513,0.5110053
22,1.187361,2018-02-02,0.4002831,0.854497,1.275292,0.6707973,2.3001654,1.2939197,0.40523747,1.4198534,0.4808486,1.8220855,0.594007,0.386571,1.1153358,0.63486296,0.50793684,1.0131398,0.51157
23,1.1874384,2018-02-05,0.40026608,0.85449266,1.2738963,0.67381567,2.2989588,1.2937342,0.40538308,1.4229574,0.47977164,1.8220855,0.59552234,0.38670838,1.1149697,0.6327129,0.51275766,1.0129752,0.5117896
24,1.1878037,2018-02-06,0.40038496,0.8547803,1.273806,0.6779711,2.297948,1.2938944,0.40543157,1.4292654,0.48047578,1.8220855,0.5966017,0.38701272,1.1158644,0.63089025,0.5139077,1.013202,0.5120201
25,1.1871884,2018-02-07,0.40006176,0.8549791,1.2743013,0.68370324,2.2965796,1.2936597,0.40490064,1.4287809,0.48068377,1.8220855,0.5978724,0.38745987,1.11425,0.6291315,0.5052527,1.0132605,0.511752
26,1.1871946,2018-02-08,0.40023944,0.85504407,1.274132,0.6904108,2.296187,1.2937645,0.40502045,1.4227998,0.48096895,1.8220855,0.5993056,0.387544,1.114651,0.6284467,0.5081052,1.0130563,0.51165193
27,1.1874791,2018-02-09,0.40022933,0.8550227,1.2745284,0.6965258,2.2964487,1.2934535,0.40529224,1.4192199,0.48077902,1.8220855,0.6010235,0.38768587,1.1151279,0.63087064,0.5058512,1.0128473,0.5114349
28,1.1873282,2018-02-12,0.40025818,0.85368747,1.2739309,0.7024398,2.2964098,1.2943932,0.40518162,1.4205964,0.48092553,1.8220855,0.60169935,0.38784948,1.1157666,0.6313366,0.5056167,1.0132722,0.50974274
29,1.1872356,2018-02-13,0.40021482,0.851715,1.2752004,0.7080094,2.2965512,1.292014,0.4049312,1.4201998,0.48113203,1.8220855,0.6033016,0.38799113,1.1133417,0.6305991,0.5024908,1.0130051,0.5083167
30,1.187278,2018-02-14,0.4003539,0.85188866,1.2748601,0.7126144,2.297534,1.2940816,0.405221,1.4307765,0.48118448,1.8220855,0.60454684,0.38798246,1.1161636,0.63253856,0.50730443,1.0133183,0.5091448
31,1.1869897,2018-02-15,0.40043992,0.8534105,1.2745249,0.7174291,2.2990396,1.2920766,0.40513214,1.4264803,0.4812373,1.8220855,0.6059627,0.3880551,1.1143202,0.6323736,0.4914108,1.0129756,0.5087389
32,1.1872191,2018-02-16,0.40052253,0.85326093,1.2754294,0.72220445,2.300139,1.292821,0.4051329,1.4295598,0.48110974,1.8220855,0.6075861,0.38805786,1.1145717,0.6354381,0.49841854,1.0124848,0.5089234
33,1.1873363,2018-02-20,0.40058905,0.85312957,1.2751269,0.7274236,2.3020658,1.2944143,0.40529034,1.4314823,0.48087844,1.8220855,0.60972106,0.3880899,1.1160698,0.6364072,0.5075382,1.0130998,0.5098914
34,1.1868865,2018-02-21,0.40060177,0.85328907,1.2746087,0.73311716,2.3041945,1.2929591,0.4051887,1.433485,0.48144692,1.8220855,0.61127275,0.38821685,1.1159998,0.63826823,0.50842696,1.0127752,0.5105872
35,1.1875176,2018-02-22,0.40066212,0.85323995,1.2743753,0.73896605,2.3062165,1.2941494,0.4055089,1.4364394,0.4822525,1.8220855,0.61320597,0.38826665,1.1173911,0.63984525,0.5119014,1.0122252,0.51086146
36,1.1875155,2018-02-23,0.4004874,0.85298723,1.2746843,0.74414307,2.3086207,1.2937555,0.4037286,1.439572,0.48155522,1.8220855,0.6148821,0.38851377,1.1149806,0.6387884,0.5118146,1.0125031,0.51018214
37,1.187697,2018-02-26,0.40052274,0.85290134,1.2769873,0.74927807,2.3118489,1.2941712,0.40449348,1.4408718,0.48105752,1.8220855,0.6165144,0.38897365,1.1154159,0.6375646,0.49867713,1.0132884,0.50905496
38,1.1871129,2018-02-27,0.40040708,0.8528777,1.2769601,0.7548264,2.3153863,1.288909,0.40270022,1.4401579,0.4812065,1.8220855,0.61829376,0.38944143,1.1087762,0.6349035,0.4683301,1.0129997,0.50590324
39,1.1868793,2018-02-28,0.40042907,0.8527528,1.2764808,0.76004285,2.3190548,1.2937429,0.4037788,1.4368128,0.4808182,1.8220855,0.62054586,0.38937467,1.1157845,0.6367283,0.4784192,1.0132984,0.5071208
40,1.1874106,2018-03-01,0.40050235,0.85263735,1.2760324,0.76751786,2.3221078,1.2901525,0.4040003,1.4411037,0.48101535,1.8220855,0.6225603,0.3895745,1.1131909,0.6352966,0.46130645,1.0139079,0.5065996
41,1.1869577,2018-03-02,0.4002644,0.85238963,1.2765422,0.77388334,2.3237665,1.2873611,0.40375578,1.442108,0.4814297,1.8220855,0.62482,0.38979137,1.1094999,0.635279,0.46066564,1.0135399,0.5058971
42,1.1874136,2018-03-05,0.40009072,0.8524156,1.2748231,0.7799621,2.324544,1.2914015,0.4038993,1.4439758,0.48120597,1.8220855,0.6271968,0.38979885,1.1144174,0.6396705,0.47286642,1.013032,0.5058451
43,1.1876647,2018-03-06,0.40031913,0.85217106,1.2748295,0.7842507,2.3249826,1.2918826,0.40319544,1.4396435,0.48077723,1.8220855,0.62959826,0.38974878,1.1152899,0.6411411,0.48928702,1.0133808,0.5053055
44,1.1870797,2018-03-07,0.4002262,0.85200566,1.2749461,0.7886592,2.3255608,1.2926365,0.40367207,1.441307,0.48081815,1.8220855,0.6309752,0.38978285,1.1152154,0.6424355,0.4937261,1.0129344,0.50573593
45,1.1874946,2018-03-08,0.4002905,0.8518184,1.2755527,0.7942924,2.326153,1.2927327,0.40395343,1.4438752,0.48104087,1.8220855,0.63263416,0.38975906,1.1143914,0.64064354,0.49655065,1.013186,0.5060586
46,1.1874576,2018-03-09,0.40033862,0.8517442,1.2750286,0.8002108,2.3265634,1.2918884,0.40435272,1.4448727,0.48092246,1.8220855,0.6340141,0.3897319,1.1153401,0.64203525,0.49833786,1.013263,0.5078744
47,1.1874897,2018-03-12,0.40044734,0.85161275,1.2757533,0.80574185,2.326058,1.292838,0.40421546,1.4448919,0.48182788,1.8220855,0.6342591,0.38994816,1.1143705,0.64257795,0.49643636,1.0133665,0.50779706
48,1.1873143,2018-03-13,0.40052086,0.85152626,1.2745677,0.8107276,2.3264546,1.2921947,0.4042998,1.4475497,0.48083442,1.8220855,0.63438916,0.39015487,1.1144447,0.6450888,0.4969849,1.013355,0.50805366
49,1.1868342,2018-03-14,0.4004135,0.8509752,1.2746915,0.8155167,2.3265855,1.291736,0.40438914,1.4404806,0.48194936,1.8220855,0.6352877,0.39016303,1.1154532,0.6470198,0.49890232,1.012921,0.5082228
50,1.1869949,2018-03-15,0.40032116,0.8508038,1.2761414,0.8194554,2.3265696,1.2927091,0.40433928,1.438455,0.48175234,1.8220855,0.63615984,0.39005306,1.1141812,0.64666957,0.49450186,1.0142447,0.50891674
51,1.1871204,2018-03-16,0.40036,0.85118777,1.275404,0.8271247,2.3276267,1.2923476,0.4043337,1.4373574,0.48130023,1.8220855,0.6367931,0.38995528,1.1157184,0.64546615,0.50930816,1.0134308,0.5101277
52,1.1872419,2018-03-19,0.40035945,0.85134274,1.2749298,0.8328183,2.3273022,1.2913371,0.40437478,1.439434,0.48130986,1.8220855,0.6378076,0.39003804,1.1146681,0.6453989,0.5035941,1.0133818,0.50893945
53,1.1870812,2018-03-20,0.40031555,0.85135496,1.2749897,0.8373156,2.3272123,1.2921184,0.40442604,1.4338505,0.47536108,1.8220855,0.63906634,0.39005783,1.1139579,0.64680684,0.5016178,1.0132846,0.50888985
54,1.1872447,2018-03-21,0.40039754,0.8508355,1.2757585,0.84255356,2.3269007,1.2925096,0.40433872,1.432532,0.47990417,1.8220855,0.6403575,0.39022937,1.114863,0.6480509,0.504054,1.0129958,0.50933194
55,1.1870435,2018-03-22,0.40044054,0.85091746,1.2750479,0.84925747,2.326834,1.2927799,0.40492743,1.4284973,0.48101237,1.8220855,0.6414761,0.39035755,1.1146516,0.6504691,0.50348747,1.0127981,0.5092217
56,1.1873542,2018-03-23,0.40047434,0.85115314,1.2746608,0.8553175,2.326175,1.2927803,0.40421352,1.4278765,0.48168612,1.8220855,0.6429276,0.39038634,1.1158447,0.6480614,0.50030935,1.0124886,0.5048291
57,1.18748,2018-03-26,0.4004899,0.8511222,1.2751176,0.8603739,2.3257093,1.2933975,0.4045216,1.4286407,0.48155513,1.8220855,0.6447525,0.39048216,1.1156601,0.64526486,0.49128193,1.012633,0.5054086
58,1.1873268,2018-03-27,0.40052134,0.8508475,1.2752303,0.86559814,2.3256013,1.2932754,0.40499133,1.4269286,0.4816664,1.8220855,0.64687383,0.39073303,1.1160717,0.6441138,0.49509725,1.0124955,0.50587046
59,1.1869086,2018-03-28,0.4005041,0.8502172,1.2747575,0.87085533,2.3252661,1.2928535,0.4047744,1.4210058,0.4808291,1.8220855,0.64848137,0.3909034,1.1129402,0.64681554,0.49519882,1.0125651,0.5043654
60,1.1868902,2018-03-29,0.40055308,0.8500126,1.2757657,0.87554145,2.3256154,1.2932996,0.40524217,1.4235388,0.48080733,1.8220855,0.6501506,0.39082897,1.1165541,0.6497795,0.50515294,1.0126534,0.506847
61,1.1875571,2018-04-02,0.40065035,0.8504556,1.275499,0.882022,2.3263392,1.2937347,0.4052455,1.4289218,0.48070967,1.8220855,0.65130067,0.39088708,1.1160203,0.6533159,0.50928867,1.0126225,0.5068195
62,1.1871998,2018-04-03,0.400627,0.8507728,1.2760565,0.889313,2.3261204,1.293198,0.4051543,1.4330513,0.4801502,1.8220855,0.65289134,0.39084238,1.1150768,0.6566077,0.5110377,1.0124433,0.5077478
63,1.1874462,2018-04-04,0.40065655,0.8509155,1.2752373,0.89484555,2.3261607,1.2942246,0.40536228,1.4390417,0.48120803,1.8220855,0.6549397,0.3907859,1.1162204,0.6569607,0.51486343,1.012624,0.5088741
64,1.1871978,2018-04-05,0.40065706,0.85099125,1.2755481,0.9005128,2.3258817,1.2931857,0.40539452,1.4361843,0.48167273,1.8220855,0.65737563,0.39075327,1.1159047,0.6558817,0.515776,1.012592,0.5085779
65,1.187512,2018-04-06,0.40068316,0.8499826,1.2758505,0.90662384,2.3261752,1.2928813,0.4052435,1.4357249,0.48131114,1.8220855,0.6587872,0.39064956,1.1151243,0.654784,0.5154456,1.012607,0.50851786
66,1.1871253,2018-04-09,0.4006648,0.8492412,1.2762415,0.9108459,2.3270423,1.2929022,0.40480235,1.4362652,0.4803068,1.8220855,0.6608748,0.3906011,1.115005,0.65525144,0.5121768,1.0123553,0.5085422
67,1.1873975,2018-04-10,0.40068528,0.84931564,1.2761118,0.9147998,2.328313,1.293444,0.40491208,1.4377786,0.4820472,1.8220855,0.6629625,0.3905572,1.1166531,0.65726876,0.5141838,1.0121101,0.50944984
68,1.1873318,2018-04-11,0.40071395,0.8495378,1.2767712,0.92156535,2.3301103,1.2931573,0.4049853,1.4403199,0.4811704,1.8220855,0.6648705,0.39065135,1.1167582,0.664687,0.51485,1.0130061,0.5102021
69,1.1871467,2018-04-12,0.40070856,0.84941083,1.2760928,0.92679036,2.3323345,1.2929846,0.40501422,1.426628,0.48032308,1.8220855,0.66710323,0.39078316,1.1142862,0.6683642,0.5126131,1.012905,0.5094569
70,1.1868861,2018-04-13,0.40078157,0.8498816,1.2760488,0.9307744,2.3346794,1.2934633,0.40513664,1.4327185,0.4807731,1.8220855,0.6689212,0.39077652,1.1134572,0.67094254,0.5183654,1.0128627,0.5105018
71,1.1871166,2018-04-16,0.40082392,0.8503054,1.2759353,0.93595576,2.3364534,1.2932888,0.4050357,1.4297545,0.48076433,1.8220855,0.6704805,0.39073488,1.1143473,0.67158675,0.51466006,1.0128868,0.5106989
72,1.187003,2018-04-17,0.40083748,0.8505566,1.275926,0.9388321,2.337283,1.2925905,0.4051176,1.4263095,0.4804759,1.8220855,0.67230916,0.39069548,1.1142081,0.6721597,0.5142617,1.0128794,0.50995344
73,1.186912,2018-04-18,0.400916,0.8505931,1.2760687,0.94232935,2.3371036,1.2934215,0.4052479,1.4255246,0.48176458,1.8220855,0.67372155,0.3906198,1.1168519,0.6706186,0.5193412,1.0126832,0.5088077
74,1.1827817,2018-04-19,0.40093428,0.85058284,1.2757074,0.94683313,2.3379722,1.2929882,0.4052845,1.416885,0.4815602,1.8220855,0.67490226,0.39060956,1.1170996,0.6697561,0.5218337,1.0127558,0.50830805
75,1.1867893,2018-04-20,0.40087444,0.8503614,1.2763783,0.9502018,2.3387208,1.2927607,0.40495047,1.4166621,0.48153415,1.8220855,0.67586595,0.39065668,1.1135131,0.6709598,0.51492864,1.0129318,0.5047489
76,1.1877263,2018-04-23,0.40074947,0.85027254,1.2759011,0.95349604,2.3391778,1.2931049,0.40499142,1.4261196,0.4820174,1.8220855,0.67733604,0.39055684,1.1158018,0.66744,0.5170029,1.012603,0.5024453
77,1.1873864,2018-04-24,0.4008006,0.8501204,1.2761025,0.95656085,2.3397186,1.2934408,0.4051807,1.4380455,0.48143044,1.8220855,0.6792428,0.39052248,1.1161401,0.6708816,0.51462644,1.0129069,0.50320524
78,1.1865262,2018-04-25,0.40067986,0.8497986,1.2756763,0.9599202,2.3376014,1.2924901,0.4047899,1.440815,0.48159972,1.8220855,0.68061,0.39055282,1.1154666,0.6749253,0.5170499,1.0133742,0.5000775
79,1.1863394,2018-04-26,0.40039647,0.8483313,1.2753767,0.9609992,2.329405,1.2923143,0.40471688,1.430958,0.4811236,1.8220855,0.6814626,0.390653,1.1158013,0.67613757,0.50719625,1.0131248,0.5003322
80,1.1844603,2018-04-27,0.39999425,0.8471345,1.2758917,0.9605203,2.3343413,1.2931403,0.40510777,1.3981119,0.48101187,1.8220855,0.68251806,0.39069763,1.1163262,0.6706306,0.51084,1.0138086,0.50138736
81,1.1873726,2018-04-30,0.39874274,0.8462941,1.2759802,0.9590629,2.3343773,1.2936403,0.4050974,1.4114194,0.4811185,1.8220855,0.68257284,0.39076987,1.107328,0.66981196,0.49441713,1.014272,0.5012137
82,1.1845225,2018-05-01,0.39867818,0.84484273,1.2736405,0.9591248,2.3345518,1.2882024,0.40441927,1.4045583,0.48057178,1.8220855,0.68264246,0.39097577,1.1158748,0.6616047,0.440637,1.0144897,0.49407926
83,1.1810175,2018-05-02,0.3984791,0.84296435,1.2685952,0.9586353,2.3369913,1.2855777,0.4036709,1.3722456,0.47773394,1.8220855,0.68283457,0.39118463,1.1072024,0.6551741,0.4363411,1.0138967,0.49469176
84,1.1866053,2018-05-03,0.39872754,0.84307325,1.2747084,0.95538104,2.3434656,1.2924197,0.40437192,1.3864871,0.47785217,1.8220855,0.6830464,0.39144292,1.1157669,0.66364306,0.42281458,1.0152274,0.5018124
85,1.1863728,2018-05-04,0.39889234,0.8436409,1.27342,0.9531521,2.3483346,1.2897686,0.40320882,1.3768213,0.47995278,1.8220855,0.68196154,0.39136747,1.1097629,0.6623301,0.44414595,1.0147877,0.49846497
86,1.1841604,2018-05-07,0.39854628,0.84290266,1.2686441,0.9497337,2.3495524,1.2829857,0.40302303,1.3652229,0.47949177,1.8220855,0.68064344,0.39154643,1.1040864,0.666881,0.44729912,1.0144488,0.49678004
87,1.1876817,2018-05-08,0.3992448,0.84267575,1.2734052,0.9467998,2.3501203,1.290135,0.40420324,1.4001793,0.47916663,1.8220855,0.68279725,0.39164445,1.1069435,0.6692684,0.4481149,1.0151285,0.49934155
88,1.1875337,2018-05-09,0.39931515,0.8427054,1.2733516,0.945097,2.3513443,1.2907125,0.40470353,1.4027737,0.48094308,1.8220855,0.683955,0.39141583,1.1147486,0.6687652,0.4584285,1.0143652,0.5027847
89,1.1873605,2018-05-10,0.39924517,0.84293646,1.2731794,0.94367623,2.3514209,1.2894813,0.40449023,1.4066386,0.48144928,1.8220855,0.6844412,0.39137432,1.113343,0.6676752,0.46498585,1.0140347,0.5035035
90,1.1873956,2018-05-11,0.3994673,0.84277606,1.2739347,0.94121647,2.3509204,1.2913977,0.4046878,1.4181223,0.48102197,1.8220855,0.6845401,0.3913771,1.1141669,0.66686517,0.47299758,1.0143298,0.504672
91,1.187941,2018-05-14,0.39965343,0.84279543,1.2732906,0.93925184,2.3499644,1.2913398,0.40479836,1.4236152,0.4814557,1.8220855,0.68505996,0.3912819,1.1122895,0.6704743,0.4765229,1.0144053,0.50610405
92,1.1879344,2018-05-15,0.39972246,0.8422234,1.2729554,0.93678147,2.349046,1.2903475,0.40475112,1.4277163,0.48203117,1.8220855,0.6846547,0.3912189,1.110577,0.6782365,0.4767915,1.0143168,0.50622994
93,1.1866444,2018-05-16,0.39950803,0.83932483,1.273416,0.93483734,2.3485775,1.29075,0.40465334,1.4241393,0.48243472,1.8220855,0.6845424,0.39120266,1.113091,0.6753926,0.4813535,1.0145084,0.5061788
94,1.187195,2018-05-17,0.39963946,0.8397202,1.2736553,0.93161684,2.3477216,1.2895358,0.40441102,1.4223768,0.4817236,1.8220855,0.6846663,0.39114386,1.1127822,0.67541975,0.48244467,1.0141441,0.5059059
95,1.1875623,2018-05-18,0.3998756,0.84036124,1.2736468,0.92741483,2.3473547,1.2904664,0.40417716,1.4192039,0.4821475,1.8220855,0.68487084,0.39107987,1.1120912,0.67217165,0.48237517,1.0137761,0.506747
96,1.1881081,2018-05-21,0.39999852,0.8406378,1.2744585,0.9243813,2.3470366,1.2922146,0.40483022,1.4288648,0.4821562,1.8220855,0.6840207,0.39102972,1.1133962,0.6739095,0.49204543,1.0139987,0.5077471
97,1.1877651,2018-05-22,0.40012142,0.8405833,1.2745135,0.9219948,2.3463209,1.2920563,0.40504175,1.4334126,0.4818947,1.8220855,0.68295693,0.39097407,1.1142154,0.6700961,0.49083132,1.014378,0.50850016
98,1.1872935,2018-05-23,0.3997725,0.840084,1.2734265,0.9201939,2.3458488,1.2904601,0.4045622,1.4294106,0.4816303,1.8220855,0.6812811,0.39093268,1.1117661,0.6681563,0.46849644,1.0141455,0.5083229
99,1.1865826,2018-05-24,0.3996042,0.83955866,1.2727498,0.9166193,2.3447325,1.290762,0.40461862,1.4219733,0.48115486,1.8220855,0.68006414,0.39099398,1.1131485,0.67150885,0.45885363,1.0143389,0.5081521
100,1.1862655,2018-05-25,0.39938328,0.83930606,1.2721342,0.9121256,2.3441172,1.2886868,0.40429053,1.4198895,0.47987273,1.8220855,0.67933935,0.39112675,1.1104583,0.6692758,0.45315957,1.014371,0.50621253
101,1.1879255,2018-05-29,0.39960098,0.8394695,1.2730503,0.9084402,2.3439033,1.2904642,0.404679,1.4255399,0.48041692,1.8220855,0.6789679,0.39112797,1.1124685,0.6695893,0.46610615,1.0141883,0.5069667
102,1.1878188,2018-05-30,0.39962825,0.83999693,1.2736757,0.90583545,2.3436856,1.291113,0.40473884,1.4272141,0.48127452,1.8220855,0.6778753,0.39101192,1.114128,0.6717232,0.47769022,1.0140195,0.50746894
103,1.1869872,2018-05-31,0.39960116,0.8397991,1.2731277,0.904124,2.3431115,1.2898204,0.40450835,1.4259487,0.48091283,1.8220855,0.6772876,0.39097798,1.1137389,0.6731353,0.47700897,1.0138181,0.50751036
104,1.1877633,2018-06-01,0.39964268,0.839487,1.2729999,0.9008016,2.3420918,1.2909368,0.4049624,1.4277062,0.48143712,1.8220855,0.67706466,0.39091012,1.113421,0.66793555,0.48518178,1.0139116,0.50666404
105,1.1882181,2018-06-04,0.39976653,0.8397441,1.2733322,0.89708424,2.3414161,1.2908683,0.4045139,1.4330814,0.48114082,1.8220855,0.67623556,0.39083728,1.1135973,0.6669344,0.48932543,1.0137103,0.50781584
106,1.1879407,2018-06-05,0.3997405,0.84008354,1.2746645,0.89419067,2.3409133,1.2922068,0.4047498,1.4351214,0.4809502,1.8220855,0.67576456,0.39078078,1.1151055,0.6697662,0.49274284,1.0142325,0.50873595
107,1.1872451,2018-06-06,0.3997749,0.84004515,1.2734447,0.89256966,2.3413289,1.2909654,0.40501243,1.432999,0.4809724,1.8220855,0.67513525,0.39075512,1.1148914,0.6713937,0.4853797,1.0143112,0.5092369
108,1.187799,2018-06-07,0.39965135,0.83982974,1.2728338,0.8914069,2.3411367,1.2903985,0.40482128,1.432862,0.4808329,1.8220855,0.67294,0.3907564,1.1121432,0.6717752,0.47707668,1.0143472,0.50821376
109,1.1868813,2018-06-08,0.39965743,0.839323,1.272676,0.88897824,2.3410268,1.290555,0.40497547,1.4312695,0.48032507,1.8220855,0.6720492,0.39071807,1.1137376,0.66852385,0.48936087,1.0140623,0.5075212
110,1.1876388,2018-06-11,0.399706,0.83951706,1.2734642,0.8857274,2.3403673,1.29148,0.40502357,1.4319386,0.4807703,1.8220855,0.6724003,0.39068767,1.113082,0.6695783,0.48222288,1.0139264,0.5077479
111,1.1870977,2018-06-12,0.39974537,0.8402417,1.2738051,0.88350457,2.3394215,1.2916908,0.40467688,1.4354795,0.47970256,1.8220855,0.6721886,0.3907989,1.1127439,0.6685943,0.4546327,1.0147732,0.5069302
112,1.1862701,2018-06-13,0.39974716,0.8403894,1.2729821,0.88312584,2.3391085,1.2901496,0.40472186,1.4316002,0.48131865,1.8220855,0.6722987,0.3908647,1.109757,0.66596633,0.44899997,1.0139527,0.5053355
113,1.1878484,2018-06-14,0.39978993,0.8404028,1.2734634,0.8807489,2.338076,1.2923824,0.4047999,1.4297036,0.48103935,1.8220855,0.6728004,0.3908632,1.1162163,0.66803205,0.45781633,1.0136602,0.5054697
114,1.187474,2018-06-15,0.39971036,0.8405438,1.2733045,0.8790503,2.3368533,1.2900804,0.4047321,1.4279749,0.48084348,1.8220855,0.67183733,0.39094096,1.1132863,0.66558784,0.43387327,1.0139089,0.5022502
115,1.1854557,2018-06-18,0.3993853,0.84014565,1.2674054,0.8790709,2.3349936,1.2875669,0.404316,1.4190888,0.47860926,1.8220855,0.66678834,0.39100656,1.1097608,0.66127086,0.43842804,1.0141429,0.5009431
116,1.1864167,2018-06-19,0.3996972,0.83978236,1.2683654,0.87642753,2.3366435,1.2866411,0.40373066,1.4107103,0.4777082,1.8220855,0.66196674,0.39103103,1.1055038,0.6628193,0.4328239,1.0133818,0.49935803
117,1.1879967,2018-06-20,0.3999941,0.8403052,1.2735876,0.87419,2.3395019,1.2920808,0.40485123,1.4215938,0.4788308,1.8220855,0.65995777,0.39125928,1.1176797,0.664559,0.43318546,1.0154104,0.5045919
118,1.1874055,2018-06-21,0.3997205,0.84011656,1.27008,0.8736369,2.3399594,1.2866458,0.4041627,1.4201341,0.4800095,1.8220855,0.6595841,0.3912121,1.1063613,0.65955526,0.43293002,1.0153031,0.50141597
119,1.1875777,2018-06-22,0.39989367,0.8406104,1.2714255,0.871805,2.3401885,1.2884505,0.40391144,1.4273368,0.4801784,1.8220855,0.6636147,0.3912141,1.0995697,0.6628845,0.42681283,1.0149658,0.5010136
120,1.187609,2018-06-25,0.3999252,0.8409403,1.2728711,0.86960375,2.3404605,1.2911417,0.40462765,1.4290855,0.47954792,1.8220855,0.6684583,0.391203,1.1105187,0.66638076,0.43869618,1.0153444,0.5019753
121,1.1857774,2018-06-26,0.39967963,0.84038013,1.2702994,0.86959946,2.342296,1.2886394,0.40386266,1.4220052,0.48008454,1.8220855,0.6707801,0.39103368,1.09745,0.661426,0.43755272,1.0150108,0.50140345
122,1.1883157,2018-06-27,0.39991218,0.84055555,1.2727101,0.86651444,2.3438768,1.290108,0.40458408,1.4313672,0.48008376,1.8220855,0.6748432,0.39102188,1.1109068,0.6608845,0.4437333,1.01458,0.5028338
123,1.1880856,2018-06-28,0.39984936,0.84102774,1.2730582,0.86683226,2.344304,1.2901483,0.40468365,1.4358106,0.48002806,1.8220855,0.6768376,0.39094532,1.1119788,0.6608402,0.4476004,1.0150259,0.5041321
124,1.1877142,2018-06-29,0.39985505,0.8412012,1.2731742,0.86496615,2.3438709,1.290958,0.4043704,1.4359678,0.4799333,1.8220855,0.67783046,0.3908911,1.1148846,0.65539086,0.44942492,1.0150594,0.5046356
125,1.1867399,2018-07-02,0.39975184,0.8408932,1.2707877,0.865193,2.3429518,1.2869968,0.404061,1.4293594,0.48049122,1.8220855,0.6777892,0.39081824,1.1052141,0.6539251,0.44814262,1.0149664,0.50242436
126,1.1880342,2018-07-03,0.40001848,0.84060895,1.272899,0.86212885,2.341117,1.2901436,0.40444618,1.4302814,0.4809944,1.8220855,0.67825466,0.3908137,1.1113163,0.6577072,0.45565984,1.01462,0.50374705
127,1.187911,2018-07-05,0.40017635,0.8405945,1.2733214,0.859699,2.34023,1.2912278,0.40461272,1.4371377,0.4813969,1.8220855,0.6792442,0.39072427,1.1145048,0.66063136,0.45996597,1.0148641,0.5051244
128,1.1875706,2018-07-06,0.40008888,0.84038913,1.2718076,0.859895,2.339522,1.2895448,0.40445584,1.4368614,0.48155075,1.8220855,0.6786745,0.39055195,1.1108258,0.65801835,0.45930538,1.0144863,0.5050951
129,1.1879251,2018-07-09,0.40012142,0.8401248,1.273811,0.85869354,2.3382823,1.291045,0.40459183,1.4381741,0.48149833,1.8220855,0.67907524,0.39052227,1.1144354,0.6585408,0.4685703,1.0147893,0.50592893
130,1.1877111,2018-07-10,0.3999373,0.84033865,1.2703459,0.8569195,2.3376644,1.2901841,0.40401867,1.439168,0.48174748,1.8220855,0.67984635,0.3903995,1.1101613,0.6572046,0.46777067,1.0144728,0.5063247
131,1.1877725,2018-07-11,0.39993203,0.84093636,1.2721868,0.85609883,2.3372283,1.2912885,0.40446222,1.4400204,0.4821377,1.8220855,0.6797386,0.3903327,1.1133239,0.6561877,0.4753015,1.0142832,0.5070905
132,1.1867695,2018-07-12,0.39999077,0.8415337,1.2722802,0.85547996,2.3379745,1.2920462,0.40385664,1.4387785,0.48189458,1.8220855,0.6806472,0.39028388,1.1169488,0.65811867,0.48236403,1.0146732,0.5078739
133,1.1862874,2018-07-13,0.39985633,0.841643,1.2720063,0.85414445,2.3382647,1.291622,0.40383834,1.4373269,0.4817975,1.8220855,0.6813592,0.39024577,1.1139095,0.66215247,0.48111016,1.0145478,0.50766295
134,1.1874752,2018-07-16,0.3995751,0.84164757,1.2736995,0.8542862,2.3368433,1.2909774,0.4006755,1.4365879,0.48100552,1.8220855,0.68130344,0.3902204,1.1143038,0.6599041,0.48364675,1.0146818,0.50409055
135,1.187129,2018-07-17,0.3994855,0.841292,1.2726864,0.8536986,2.3353856,1.2914885,0.40270787,1.4335325,0.4818024,1.8220855,0.68072593,0.39017227,1.1092969,0.6587543,0.4671871,1.0146569,0.4998633
136,1.1874893,2018-07-18,0.39949262,0.84091854,1.2725124,0.8524966,2.3330708,1.2916741,0.4030811,1.4378197,0.48173875,1.8220855,0.681486,0.39017254,1.1117556,0.65743226,0.4486014,1.0146719,0.501262
137,1.1872653,2018-07-19,0.39948368,0.84116715,1.2724875,0.8524709,2.331518,1.2885888,0.4030798,1.437477,0.48162952,1.8220855,0.68258804,0.3901996,1.10466,0.6519486,0.43894023,1.0148952,0.5001898
138,1.1876693,2018-07-20,0.39945343,0.841741,1.2724481,0.84988326,2.3304074,1.2901003,0.40273243,1.4414511,0.48197383,1.8220855,0.6835361,0.3901926,1.1107266,0.6543686,0.45614454,1.0145347,0.5012874
139,1.1877869,2018-07-23,0.39961126,0.8422021,1.2726771,0.8493385,2.3295455,1.2937282,0.40328097,1.4453381,0.4824693,1.8220855,0.68475205,0.3901412,1.1157124,0.6541679,0.46755865,1.0149901,0.5016021
140,1.187616,2018-07-24,0.3997433,0.8421106,1.2723202,0.8499443,2.32909,1.2904472,0.40322617,1.4464623,0.48211712,1.8220855,0.6852718,0.39008838,1.1142515,0.6553827,0.45938468,1.0156965,0.5004718
141,1.1866697,2018-07-25,0.3996047,0.84243673,1.2723854,0.84550595,2.3287315,1.2915711,0.4034994,1.4387474,0.48205042,1.8220855,0.68512034,0.39005467,1.1104773,0.65313494,0.46174592,1.0150807,0.50271666
142,1.1872258,2018-07-26,0.39986986,0.8421225,1.272653,0.8435617,2.3274243,1.2916011,0.40408078,1.4294974,0.48222393,1.8220855,0.6850345,0.39004445,1.1127539,0.6565952,0.47422394,1.015116,0.50440496
143,1.1860913,2018-07-27,0.40015984,0.8415465,1.2720336,0.84093684,2.3267484,1.2905843,0.40263915,1.4275122,0.48184484,1.8220855,0.6842603,0.38999417,1.110547,0.65430087,0.46163118,1.0147047,0.50639415
144,1.1871265,2018-07-30,0.39998314,0.8415303,1.2720354,0.83900857,2.3262858,1.2917035,0.4037565,1.4243914,0.4809226,1.8220855,0.6842828,0.3898904,1.1118287,0.655308,0.46720755,1.0147496,0.50742316
145,1.1877577,2018-07-31,0.39991575,0.8418826,1.2733818,0.8370503,2.3260465,1.291917,0.40394294,1.4269773,0.480987,1.8220855,0.6861622,0.38972825,1.1126883,0.6562685,0.4796831,1.014521,0.5083127
146,1.1871184,2018-08-01,0.3999306,0.8412021,1.2736598,0.83510256,2.3254638,1.2921731,0.40396982,1.4280235,0.48078337,1.8220855,0.6864331,0.38966596,1.1136626,0.65410686,0.48089924,1.0147212,0.5088746
147,1.1869721,2018-08-02,0.40008128,0.84070367,1.2743906,0.83340156,2.324365,1.2920605,0.4043036,1.4289198,0.48071772,1.8220855,0.68632096,0.3895106,1.1118459,0.65514034,0.48295325,1.0144475,0.50932926
148,1.1876644,2018-08-03,0.40000442,0.8400791,1.2747678,0.8312315,2.3236048,1.2923065,0.4043873,1.4322292,0.48077914,1.8220855,0.68698275,0.38940984,1.11371,0.6566079,0.49055,1.0145547,0.50974756
149,1.1880062,2018-08-06,0.40001526,0.84015775,1.274315,0.83070916,2.3235602,1.2920974,0.40447256,1.4386923,0.4814125,1.8220855,0.6876017,0.3893723,1.1130587,0.65795875,0.49492797,1.0144553,0.5101495
150,1.1879779,2018-08-07,0.40019068,0.840828,1.2740247,0.8310032,2.3238096,1.2925384,0.4046931,1.4430212,0.48182455,1.8220855,0.688169,0.38932705,1.1128117,0.6573836,0.49419737,1.0141325,0.50988436
151,1.1870732,2018-08-08,0.40035215,0.84138966,1.2742134,0.8305604,2.3239825,1.2919084,0.40468687,1.4444159,0.48211733,1.8220855,0.68884295,0.38926646,1.1137038,0.656414,0.4920702,1.0143043,0.50993365
152,1.1871667,2018-08-09,0.3999541,0.841654,1.2739601,0.8300239,2.3239594,1.2922208,0.40420392,1.441837,0.4815656,1.8220855,0.6907913,0.38935828,1.110232,0.65330017,0.4828351,1.0142407,0.5093588
153,1.1875572,2018-08-10,0.40009025,0.84202456,1.2743139,0.829648,2.322409,1.2923672,0.40457833,1.4395212,0.4815969,1.8220855,0.69323385,0.38925815,1.1144065,0.6536589,0.49077043,1.0140878,0.5099295
154,1.1867876,2018-08-13,0.40012926,0.8419862,1.2740381,0.8296216,2.3218274,1.2920202,0.40400386,1.4407426,0.48169184,1.8220855,0.69495803,0.38918343,1.113417,0.65605503,0.4874498,1.0138388,0.50943524
155,1.1875223,2018-08-14,0.40009913,0.8419152,1.2731578,0.8295384,2.321295,1.292381,0.40380317,1.4412671,0.48174608,1.8220855,0.6968649,0.38917515,1.1130283,0.65685976,0.4807768,1.0136385,0.5092887
156,1.1871507,2018-08-15,0.4000996,0.84227026,1.2745637,0.82897335,2.3209717,1.2928295,0.40456912,1.441034,0.48201895,1.8220855,0.6996242,0.38921374,1.1145573,0.65682673,0.49257514,1.0138644,0.50966936
157,1.1869427,2018-08-16,0.40011075,0.84214103,1.27467,0.8303175,2.3210125,1.2925004,0.40464973,1.441954,0.48155797,1.8220855,0.70147073,0.38913238,1.1136476,0.65577465,0.48530516,1.0135593,0.50956106
158,1.1875012,2018-08-17,0.4000375,0.8420177,1.2740272,0.8300983,2.3199654,1.2930895,0.4046945,1.4433774,0.48166502,1.8220855,0.7043307,0.3890376,1.1151475,0.6566621,0.492579,1.0140235,0.5098394
159,1.1867007,2018-08-20,0.39999303,0.84226656,1.2733327,0.8313591,2.3192527,1.2926679,0.40429163,1.4435176,0.48139897,1.8220855,0.70604235,0.38892534,1.1136303,0.6553364,0.4921943,1.0141307,0.5097208
160,1.1872177,2018-08-21,0.3998895,0.8423492,1.2732732,0.82924044,2.3185437,1.2923528,0.40460446,1.4434776,0.48129314,1.8220855,0.7083324,0.38887534,1.1145433,0.6552849,0.48611274,1.0139122,0.509986
161,1.1858584,2018-08-22,0.3996222,0.8426838,1.2675258,0.8262664,2.3181694,1.2911409,0.40364477,1.4414133,0.480017,1.8220855,0.71085346,0.38887632,1.113699,0.6531749,0.47243196,1.013987,0.5095596
162,1.1876403,2018-08-23,0.3999216,0.8437415,1.2742766,0.82385224,2.317407,1.2926613,0.40409648,1.4451221,0.48038855,1.8220855,0.7130562,0.38888106,1.1148772,0.65584874,0.4848277,1.0139326,0.50943434
163,1.1863626,2018-08-24,0.39990917,0.84360725,1.272133,0.8242255,2.3170252,1.292336,0.40431064,1.4457598,0.4805824,1.8220855,0.71457964,0.38887462,1.1142987,0.65838,0.4807934,1.0139841,0.5089773
164,1.1878177,2018-08-27,0.3999991,0.84397376,1.2739408,0.822936,2.3159342,1.2923008,0.40460908,1.4476068,0.4807881,1.8220855,0.7167644,0.38875747,1.1147318,0.65938765,0.49746346,1.0139537,0.5102744
165,1.1875947,2018-08-28,0.3999532,0.8451468,1.2733023,0.82213825,2.315281,1.2934784,0.40473434,1.4477193,0.48139352,1.8220855,0.71758944,0.38868356,1.115703,0.65868175,0.50193006,1.0138874,0.51069653
166,1.1871654,2018-08-29,0.39989388,0.8454761,1.2731152,0.8191616,2.314657,1.2927184,0.40456876,1.446974,0.48144045,1.8220855,0.7183018,0.3885806,1.1160089,0.6576467,0.5001994,1.0137156,0.5111483
167,1.1876346,2018-08-30,0.3997468,0.84557277,1.2750523,0.81636506,2.3138206,1.293696,0.40446448,1.4491088,0.48021588,1.8220855,0.7198411,0.38857195,1.1139226,0.6588645,0.4979925,1.0139968,0.51129836
168,1.1873989,2018-08-31,0.3995022,0.84585,1.2743701,0.81491226,2.313466,1.2911323,0.40458176,1.4492248,0.48170495,1.8220855,0.7193515,0.38860857,1.113795,0.65869665,0.49271148,1.0138384,0.5109796
169,1.1875162,2018-09-04,0.39913726,0.8458322,1.2743456,0.8136845,2.3128722,1.292807,0.40425918,1.4493582,0.48167118,1.8220855,0.71950126,0.38863695,1.1138699,0.66149634,0.4961339,1.0138189,0.5098266
170,1.186792,2018-09-05,0.3992331,0.84584576,1.2741959,0.8132152,2.3128881,1.2918991,0.4044733,1.4479408,0.48051694,1.8220855,0.71933347,0.3886256,1.1147579,0.6606589,0.50234634,1.0136381,0.50976247
171,1.1872702,2018-09-06,0.39907897,0.84589964,1.2739308,0.8117025,2.3128867,1.2929571,0.4046677,1.445699,0.48140034,1.8220855,0.71872795,0.38856483,1.1152453,0.6601502,0.5052136,1.0135596,0.51017016
172,1.1872797,2018-09-07,0.39927757,0.8459652,1.2739425,0.80965185,2.3121939,1.2922432,0.40435776,1.4461286,0.48123762,1.8220855,0.71803063,0.38847536,1.1147357,0.6597897,0.49783704,1.0137097,0.50894415
173,1.1870456,2018-09-10,0.3993843,0.8458069,1.2723508,0.80747026,2.3114436,1.2926942,0.4041871,1.4477596,0.480696,1.8220855,0.7169036,0.388437,1.1159792,0.6577677,0.5056033,1.0139596,0.5087599
174,1.1866627,2018-09-11,0.39951333,0.84581274,1.2733029,0.80583537,2.310748,1.2923892,0.404176,1.4480845,0.48071834,1.8220855,0.7159235,0.38845795,1.113547,0.6557952,0.498726,1.0146455,0.5061508
175,1.1865766,2018-09-12,0.39947718,0.845674,1.2734448,0.80433697,2.310276,1.2930835,0.40403238,1.4449439,0.48094678,1.8220855,0.71495056,0.38848418,1.1150526,0.6555849,0.50982994,1.0135683,0.5070063
176,1.1874666,2018-09-13,0.39948568,0.8462706,1.2728477,0.8030741,2.309106,1.2919407,0.4034496,1.4461159,0.4799994,1.8220855,0.71301425,0.3886034,1.1149216,0.6559635,0.5018735,1.0135925,0.5040898
177,1.1870153,2018-09-14,0.39992252,0.8465212,1.2731396,0.8013901,2.3080316,1.2927098,0.40448913,1.442581,0.4805357,1.8220855,0.7125033,0.38853702,1.1157306,0.6571433,0.5029019,1.0138196,0.5052892
178,1.1869752,2018-09-17,0.40012345,0.84699357,1.2731253,0.7995717,2.3077419,1.2917905,0.403733,1.4416591,0.47952953,1.8220855,0.7104428,0.38876668,1.1128086,0.65561736,0.4973771,1.0137727,0.50419885
179,1.1873796,2018-09-18,0.40023524,0.8476504,1.2708834,0.79662937,2.3077514,1.2929097,0.4043026,1.4399514,0.4794812,1.8220855,0.70994335,0.3890634,1.1138172,0.6545274,0.49417377,1.0143485,0.5037106
180,1.1870241,2018-09-19,0.40029112,0.8485201,1.2710418,0.7966377,2.3075502,1.2878178,0.40401757,1.4387946,0.48015177,1.8220855,0.70985425,0.3892796,1.106811,0.65098244,0.46583778,1.01378,0.5015869
181,1.1871678,2018-09-20,0.40007362,0.8486778,1.2717048,0.7923892,2.3066456,1.2919225,0.4042371,1.4337273,0.48043567,1.8220855,0.7097647,0.3893322,1.1157905,0.65331894,0.4718961,1.0138355,0.50422615
182,1.1869373,2018-09-21,0.3998779,0.8487295,1.2697215,0.7901393,2.3059797,1.2895955,0.40341958,1.4303446,0.48017043,1.8220855,0.70838344,0.3894043,1.1098447,0.65178734,0.47114307,1.0135909,0.50388056
183,1.187331,2018-09-24,0.39988488,0.84819144,1.2735226,0.78893346,2.3044636,1.2919588,0.4042646,1.4358245,0.48044014,1.8220855,0.7057866,0.3893676,1.1160803,0.6544233,0.48157394,1.0136788,0.50528383
184,1.1868577,2018-09-25,0.40006372,0.84760374,1.2718403,0.78658664,2.3042064,1.2909001,0.40455803,1.4350005,0.4802361,1.8220855,0.7019643,0.389396,1.112688,0.6569463,0.47995305,1.0135334,0.50485
185,1.1873152,2018-09-26,0.4002261,0.8465713,1.2731442,0.78585505,2.303956,1.2912927,0.4045051,1.4384402,0.4804945,1.8220855,0.7003196,0.3894094,1.1146151,0.6558968,0.48483706,1.0136893,0.50643414
186,1.1876197,2018-09-27,0.40025717,0.8466459,1.2712073,0.7828778,2.3034663,1.2902223,0.40444946,1.4416602,0.48036724,1.8220855,0.7008857,0.38941035,1.1123034,0.65275365,0.4780395,1.0132272,0.50400317
187,1.1877419,2018-09-28,0.400383,0.84671456,1.2731503,0.780863,2.3028493,1.2923573,0.40442145,1.4421186,0.4807629,1.8220855,0.7026789,0.38933676,1.113815,0.65678585,0.4897083,1.0132743,0.50546074
188,1.1873919,2018-10-01,0.400487,0.84677947,1.2734241,0.7790191,2.3024118,1.29195,0.40484414,1.4452462,0.48105508,1.8220855,0.7026451,0.38930568,1.1142228,0.6573461,0.49446347,1.013459,0.50723547
189,1.1873128,2018-10-02,0.40052137,0.84768564,1.2752663,0.77722096,2.3015857,1.292492,0.40498903,1.4467441,0.48091155,1.8220855,0.70368767,0.38926896,1.1154888,0.6572725,0.49836582,1.0134743,0.50853944
190,1.1876222,2018-10-03,0.40062067,0.8483557,1.2737246,0.77593267,2.3012192,1.2924209,0.40501744,1.4472477,0.48135638,1.8220855,0.7041796,0.38928127,1.113869,0.660325,0.4960389,1.0135115,0.5085332
191,1.1869123,2018-10-04,0.40050563,0.84807414,1.2738566,0.77517426,2.3005707,1.2924896,0.40439948,1.444156,0.48124653,1.8220855,0.70450515,0.38925484,1.1143012,0.65954083,0.4956144,1.0132087,0.5069626
192,1.1875516,2018-10-05,0.40054595,0.84798855,1.2743691,0.7725828,2.3000605,1.292797,0.40491208,1.4476366,0.48091036,1.8220855,0.7050123,0.38905448,1.1159757,0.65910494,0.5052456,1.0135463,0.50846666
193,1.1863617,2018-10-08,0.40061653,0.84836066,1.2741866,0.77130836,2.3001344,1.2920513,0.40507728,1.4493117,0.48181945,1.8220855,0.7052691,0.38908958,1.1147122,0.6556052,0.5025479,1.0137854,0.5089234
194,1.1866264,2018-10-09,0.40053838,0.84854263,1.2761549,0.77109087,2.3003805,1.2917688,0.40498966,1.4463748,0.48138908,1.8220855,0.70560145,0.38918102,1.1140655,0.65475297,0.5004498,1.0135219,0.5086493
195,1.1877702,2018-10-10,0.40057093,0.8486502,1.2746629,0.7693539,2.3001742,1.2926369,0.4049989,1.4474826,0.48121586,1.8220855,0.7068845,0.3891832,1.1147548,0.65633774,0.5023975,1.0139415,0.50881577
196,1.1868733,2018-10-11,0.4006234,0.8486145,1.2750068,0.7683163,2.301397,1.2927735,0.40471116,1.4481243,0.48061976,1.8220855,0.70643747,0.38913137,1.1140143,0.65587336,0.49964607,1.0140526,0.50816065
197,1.1867292,2018-10-12,0.400535,0.8483173,1.2740487,0.7685391,2.3010933,1.291913,0.4045527,1.444602,0.48132363,1.8220855,0.70596147,0.38909575,1.1113093,0.6534637,0.49587327,1.0140421,0.50875634
198,1.1873673,2018-10-15,0.4005671,0.8483001,1.2751526,0.7694573,2.2996113,1.2927833,0.40482736,1.4386123,0.48133314,1.8220855,0.7057512,0.38915986,1.1137145,0.6546209,0.49594915,1.0145229,0.5085185
199,1.1876166,2018-10-16,0.4005716,0.8480177,1.2755245,0.7698592,2.2987037,1.2918785,0.4051733,1.4403658,0.481392,1.8220855,0.7062691,0.38923565,1.1123121,0.65414494,0.4947446,1.0140631,0.50878495
200,1.1879039,2018-10-17,0.40060306,0.8480891,1.275084,0.7706007,2.297227,1.2921517,0.4050105,1.4473593,0.4811818,1.8220855,0.7078224,0.3892865,1.1148055,0.65322953,0.49944246,1.0136633,0.50955385
201,1.1870989,2018-10-18,0.40064952,0.848177,1.275124,0.77311146,2.2970831,1.2932276,0.40513596,1.4521223,0.4818571,1.8220855,0.7093118,0.38917547,1.1164966,0.6553469,0.5041188,1.0143148,0.5103408
202,1.1876626,2018-10-19,0.4006744,0.8483664,1.2747655,0.77486235,2.2973773,1.2920923,0.4049759,1.4521345,0.48197746,1.8220855,0.7091048,0.3891116,1.107406,0.6589597,0.49995577,1.014562,0.5097108
203,1.1875675,2018-10-22,0.4006516,0.84853023,1.2753694,0.77714604,2.2973983,1.2908818,0.405087,1.4525574,0.48153907,1.8220855,0.709235,0.38927862,1.1123381,0.65920496,0.48323822,1.0148646,0.50676614
204,1.1871601,2018-10-23,0.40058184,0.8488595,1.2752416,0.77674234,2.2972841,1.2878888,0.40512198,1.4533838,0.48148558,1.8220855,0.71024173,0.38948935,1.1086999,0.6592872,0.48220837,1.0143759,0.50587827
205,1.1873316,2018-10-24,0.4003333,0.8490168,1.2743745,0.7778289,2.2967188,1.2904605,0.4051862,1.4543598,0.48119006,1.8220855,0.7115801,0.38942674,1.1113816,0.6610768,0.48634568,1.0141258,0.506088
206,1.1873387,2018-10-25,0.40026706,0.8482721,1.2751145,0.7798832,2.296754,1.2914314,0.40522408,1.454397,0.48155153,1.8220855,0.7114901,0.38929474,1.1136091,0.65750885,0.4890114,1.0138432,0.5093898
207,1.1868682,2018-10-26,0.40025657,0.8486091,1.2749798,0.78107935,2.2971635,1.291355,0.40518963,1.4551113,0.4810166,1.8220855,0.7121334,0.3892175,1.1149758,0.6517631,0.49159688,1.014083,0.51052225
208,1.187493,2018-10-29,0.40033263,0.8492044,1.275215,0.7826224,2.2973964,1.2918576,0.40528154,1.4557725,0.48080108,1.8220855,0.7102966,0.38911217,1.111782,0.6520496,0.49296302,1.0138316,0.51082706
209,1.1873776,2018-10-30,0.4002396,0.84958005,1.2749656,0.7849635,2.2974167,1.2913393,0.40486637,1.4564917,0.48118526,1.8220855,0.70905244,0.38896278,1.1143687,0.6568655,0.49490705,1.0136862,0.5111066
210,1.18724,2018-10-31,0.40034914,0.84973407,1.2752086,0.7875343,2.2973883,1.2919335,0.40497258,1.4572048,0.48116904,1.8220855,0.7095654,0.3888499,1.1138529,0.659653,0.4987853,1.0134678,0.5103451
211,1.1873282,2018-11-01,0.39936736,0.8498757,1.2751049,0.79136866,2.2977653,1.2921947,0.4052533,1.4573972,0.48122308,1.8220855,0.71145594,0.38883176,1.1144675,0.66272736,0.49897847,1.013403,0.5105297
212,1.1873862,2018-11-02,0.3994581,0.8495266,1.2747121,0.79318845,2.2989435,1.2915902,0.4052227,1.4572625,0.48148152,1.8220855,0.7129926,0.38893232,1.1136938,0.65809107,0.50294167,1.0134088,0.5108626
213,1.187222,2018-11-05,0.39946765,0.84990126,1.2744573,0.79518265,2.300029,1.2917336,0.4047556,1.4572352,0.480756,1.8220855,0.7139911,0.38901198,1.1124027,0.656165,0.49433193,1.0135043,0.51058984
214,1.1871753,2018-11-06,0.39964172,0.84972703,1.2736664,0.7978788,2.300607,1.2922449,0.40476072,1.4570154,0.4810008,1.8220855,0.7130333,0.38900465,1.1131929,0.6539693,0.49574304,1.0131369,0.51087743
215,1.1870288,2018-11-07,0.39995188,0.84896106,1.274807,0.7989782,2.3017359,1.2925718,0.40499935,1.457173,0.48063338,1.8220855,0.7112327,0.38902035,1.115228,0.6555388,0.4942058,1.013516,0.5110979
216,1.1874679,2018-11-08,0.39978373,0.8480572,1.2740083,0.7997915,2.3018854,1.2915821,0.40469527,1.4576166,0.48017567,1.8220855,0.70997256,0.38912806,1.1092383,0.6551654,0.46989805,1.0136931,0.5111553
217,1.1876017,2018-11-09,0.3998354,0.84870094,1.2749764,0.79982764,2.3022017,1.2925856,0.40479964,1.4579146,0.48062375,1.8220855,0.7099748,0.3893396,1.1132874,0.6646772,0.47417444,1.0133594,0.511612
218,1.1876401,2018-11-12,0.3999919,0.85049987,1.274604,0.8021196,2.3030722,1.2928091,0.40451607,1.4587333,0.48082748,1.8220855,0.7108555,0.38959512,1.1126187,0.66889757,0.4749786,1.0132918,0.51184523
219,1.1876715,2018-11-13,0.40012196,0.8496689,1.2746356,0.8042051,2.3035653,1.2924035,0.40471435,1.459179,0.4807835,1.8220855,0.71411693,0.3895367,1.1128682,0.6686437,0.48322046,1.0132277,0.51083934
220,1.1868747,2018-11-14,0.4002929,0.84956086,1.2751057,0.8070093,2.3042934,1.2917622,0.40498537,1.456856,0.48053637,1.8220855,0.71580017,0.38940096,1.1135509,0.66543454,0.47753525,1.0129889,0.510837
221,1.187172,2018-11-15,0.40029073,0.8493715,1.2746127,0.81010294,2.3048446,1.2929641,0.4049648,1.4565388,0.48044363,1.8220855,0.7160015,0.3892917,1.1147673,0.6678269,0.48466277,1.0129406,0.5109924
222,1.187479,2018-11-16,0.40030095,0.84903044,1.2746851,0.8152661,2.3059196,1.2929476,0.40488395,1.4555658,0.47993737,1.8220855,0.7162181,0.38917163,1.1131452,0.6673908,0.48431236,1.0128978,0.5111473
223,1.187544,2018-11-19,0.40032652,0.8486086,1.2749234,0.81786114,2.3069708,1.2934654,0.40511632,1.4555533,0.48041528,1.8220855,0.71630317,0.3889076,1.1136801,0.67083156,0.49481001,1.0128053,0.5113691
224,1.1873064,2018-11-20,0.40040997,0.8483204,1.275973,0.8213109,2.3083723,1.2932507,0.40500823,1.4536545,0.4809169,1.8220855,0.7161034,0.38873085,1.114845,0.67417943,0.4999499,1.0129322,0.5116731
225,1.187094,2018-11-21,0.40041447,0.84848356,1.2747754,0.82555026,2.3096235,1.2927151,0.40480024,1.4532444,0.48112032,1.8220855,0.71647894,0.38857073,1.1140032,0.67458713,0.49046618,1.0127426,0.51188797
226,1.1874398,2018-11-23,0.4004572,0.8484682,1.2747132,0.82953966,2.3108118,1.2934505,0.40497717,1.4532319,0.4808027,1.8220855,0.7167524,0.38840067,1.1168244,0.6748096,0.4993959,1.0130043,0.51209426
227,1.1872879,2018-11-26,0.40040854,0.84836376,1.2745836,0.83418334,2.3124256,1.292666,0.4048445,1.4532833,0.48056203,1.8220855,0.7166472,0.38822693,1.1133165,0.6703727,0.48606956,1.0129923,0.51189
228,1.1871291,2018-11-27,0.40030646,0.8480052,1.274546,0.8379279,2.3132777,1.2928764,0.4049052,1.4531387,0.48037788,1.8220855,0.71594083,0.38802168,1.1144047,0.6676327,0.4643187,1.0131552,0.5121199
229,1.1869622,2018-11-28,0.4002237,0.84762883,1.2750279,0.8416216,2.314337,1.293382,0.40501997,1.448158,0.48042697,1.8220855,0.7152097,0.38810083,1.1157918,0.6636155,0.45092535,1.0136111,0.5122231
230,1.1876714,2018-11-29,0.40003604,0.84789973,1.274383,0.84494025,2.3147454,1.2889706,0.40503597,1.449549,0.47998744,1.8220855,0.7164904,0.38832095,1.1102263,0.66671205,0.44534805,1.0133749,0.51141083
231,1.1874179,2018-11-30,0.39997104,0.84794074,1.2742082,0.8493081,2.315871,1.2926484,0.4047303,1.4488584,0.47962752,1.8220855,0.7184187,0.38854513,1.1094459,0.670588,0.44778496,1.0131133,0.5094338
232,1.187303,2018-12-03,0.3999689,0.8475885,1.2745738,0.85109854,2.3165054,1.2910497,0.40474746,1.4511195,0.4791037,1.8220855,0.720608,0.38870755,1.1122433,0.6737226,0.45369968,1.0127851,0.50837
233,1.1871945,2018-12-04,0.40010813,0.8478109,1.2739401,0.85552174,2.3154564,1.29227,0.4049751,1.449309,0.47950283,1.8220855,0.724399,0.3888156,1.1113098,0.6762421,0.45920223,1.0127178,0.50670123
234,1.1873667,2018-12-06,0.4001441,0.84774697,1.2747566,0.8581023,2.3178651,1.292699,0.4047142,1.4452672,0.47933576,1.8220855,0.7247908,0.38899612,1.1152917,0.67752075,0.46543783,1.0131189,0.50820124
235,1.1873213,2018-12-07,0.4002686,0.8471207,1.2732786,0.8625963,2.3189912,1.2927914,0.40463513,1.4453582,0.47934985,1.8220855,0.7263519,0.38921824,1.1126838,0.6745477,0.4598367,1.0128897,0.5066525
236,1.1872776,2018-12-10,0.40030724,0.84647495,1.2744004,0.8668343,2.3205817,1.2929914,0.40450242,1.4459631,0.4796786,1.8220855,0.7264159,0.389229,1.1130139,0.67483324,0.4691711,1.0131786,0.50804025
237,1.1871351,2018-12-11,0.4000129,0.8461532,1.2741696,0.8699146,2.3215766,1.292814,0.40512827,1.4431494,0.48026714,1.8220855,0.72702736,0.38927978,1.112245,0.67275184,0.46322435,1.0132161,0.50682026
238,1.1873012,2018-12-12,0.3999101,0.84630597,1.2745069,0.8745231,2.3221521,1.2915561,0.40472883,1.4420793,0.48080307,1.8220855,0.72717196,0.38935217,1.1056515,0.6732857,0.4589543,1.0129343,0.504092
239,1.1873134,2018-12-13,0.3998518,0.8466336,1.2749346,0.87915266,2.3228943,1.2930425,0.40458348,1.4455727,0.48029867,1.8220855,0.7281051,0.38954297,1.1145642,0.67799497,0.46772882,1.0133339,0.50445753
240,1.1870865,2018-12-14,0.39972433,0.8466584,1.2765124,0.8834672,2.3250513,1.2922363,0.40490562,1.441058,0.48070738,1.8220855,0.7297574,0.3897146,1.1110078,0.6811695,0.47536513,1.0128995,0.5046931
241,1.1872678,2018-12-17,0.39993244,0.84687215,1.2759802,0.8883982,2.3264606,1.2929683,0.40499532,1.4414895,0.48097402,1.8220855,0.72963303,0.39001322,1.114386,0.6820572,0.47557917,1.0132141,0.5050859
242,1.1866456,2018-12-18,0.39998913,0.8468549,1.2754365,0.89230126,2.3268204,1.2927724,0.4047716,1.4415134,0.4815259,1.8220855,0.72984695,0.39022195,1.1086544,0.6794278,0.44643858,1.0143799,0.50272024
243,1.1862046,2018-12-19,0.40009013,0.8461223,1.2744926,0.8989807,2.3282225,1.2922038,0.40497196,1.4387261,0.48032743,1.8220855,0.7293888,0.3903109,1.1131136,0.6785766,0.47760272,1.0134138,0.50571615
244,1.1863649,2018-12-20,0.40017644,0.8459147,1.2744972,0.907317,2.3280406,1.29295,0.40467396,1.4386288,0.48111412,1.8220855,0.727599,0.3903941,1.1146369,0.67828983,0.48378813,1.0132558,0.5063076
245,1.1869186,2018-12-21,0.40000182,0.8454393,1.2737182,0.91481256,2.3290832,1.292551,0.40490955,1.4412261,0.48073173,1.8220855,0.7243855,0.39051825,1.111945,0.67939734,0.47786927,1.0129377,0.50563306
246,1.1871325,2018-12-24,0.40001622,0.8449449,1.2737937,0.9221935,2.3289719,1.2930921,0.40495712,1.4433972,0.48105875,1.8220855,0.7207438,0.39051905,1.114677,0.68407595,0.48762682,1.0128859,0.50701696
247,1.1871017,2018-12-26,0.39986476,0.8448723,1.2725136,0.92891145,2.3309314,1.2927841,0.40455586,1.4450794,0.48084977,1.8220855,0.719267,0.39062235,1.111705,0.68561065,0.48361406,1.0127091,0.5075929
248,1.1875563,2018-12-27,0.39968428,0.8454119,1.2739909,0.93488824,2.3322604,1.2931671,0.4050263,1.4459034,0.4809903,1.8220855,0.7249334,0.39054242,1.1131116,0.6793554,0.4851897,1.0128274,0.50807947
249,1.1873142,2018-12-28,0.39994144,0.84591854,1.27433,0.94254816,2.3333335,1.2922907,0.40441176,1.4464236,0.48052192,1.8220855,0.72197956,0.3904012,1.1098139,0.67975336,0.48560488,1.0127647,0.50864464
250,1.1867512,2018-12-31,0.39977813,0.84532243,1.2750236,0.9500007,2.334056,1.2926562,0.4048208,1.4479631,0.48066533,1.8220855,0.7208665,0.39038476,1.1110675,0.67922455,0.48372367,1.0130699,0.50903887
